nct_id,drug_name,approval_type,approval_date,approval_year,sponsor
NCT01794078,Aminophylline 400 mg,ORIG,20000714,2000,BECTON DICKINSON CO
NCT01794078,Ambrisentan 5 mg,SUPPL,19930916,1993,ORGANON
NCT02708680,Atezolizumab,SUPPL,20251117,2025,GENENTECH INC
NCT00875238,doxorubicin hydrochloride,SUPPL,20171221,2017,KENVUE BRANDS
NCT03592901,brachial plexus anesthesia,ORIG,20050419,2005,HIKMA
NCT01728142,brachial plexus anesthesia,ORIG,20050419,2005,HIKMA
NCT01728129,brachial plexus anesthesia,ORIG,20050419,2005,HIKMA
NCT00639431,brachial plexus anesthesia,ORIG,20050419,2005,HIKMA
NCT00384579,brachial plexus anesthesia,ORIG,20050419,2005,HIKMA
NCT00384579,Botulinum toxin B,SUPPL,20190301,2019,HERITAGE PHARMA
NCT00384371,brachial plexus anesthesia,ORIG,20050419,2005,HIKMA
NCT00384371,Botulinum toxin B,SUPPL,20190301,2019,HERITAGE PHARMA
NCT00384371,Botulinum Toxin A,ORIG,20210210,2021,NEPHRON
NCT00301444,brachial plexus anesthesia,ORIG,20050419,2005,HIKMA
NCT00301444,Botulinum toxin B,SUPPL,20190301,2019,HERITAGE PHARMA
NCT00301444,Botulinum Toxin A,ORIG,20210210,2021,NEPHRON
NCT00569010,Azacitidine,ORIG,20250520,2025,RELIANCE LIFE
NCT00569010,Ara-C,SUPPL,20240909,2024,MCPRF
NCT00357708,Azacitidine,ORIG,20250520,2025,RELIANCE LIFE
NCT00357708,Ara-C,SUPPL,20240909,2024,MCPRF
NCT00357708,decitabine,ORIG,20210702,2021,MEITHEAL
NCT00357708,vorinostat,SUPPL,20151217,2015,MSD SUB MERCK
NCT00114257,Azacitidine,ORIG,20250520,2025,RELIANCE LIFE
NCT00114257,Ara-C,SUPPL,20240909,2024,MCPRF
NCT00114257,decitabine,ORIG,20210702,2021,MEITHEAL
NCT00114257,vorinostat,SUPPL,20151217,2015,MSD SUB MERCK
NCT00114257,romidepsin,ORIG,20211012,2021,FRESENIUS KABI USA
NCT00054431,Azacitidine,ORIG,20250520,2025,RELIANCE LIFE
NCT00054431,Ara-C,SUPPL,20240909,2024,MCPRF
NCT00054431,decitabine,ORIG,20210702,2021,MEITHEAL
NCT00054431,vorinostat,SUPPL,20151217,2015,MSD SUB MERCK
NCT00054431,romidepsin,ORIG,20211012,2021,FRESENIUS KABI USA
NCT00054431,imatinib mesylate,ORIG,20250430,2025,SATSUMA PHARMS
NCT03197623,LLP2A-ALENDRONATE,ORIG,20230511,2023,NOVITIUM PHARMA
NCT03178955,LLP2A-ALENDRONATE,ORIG,20230511,2023,NOVITIUM PHARMA
NCT03178955,Etanercept,SUPPL,20020115,2002,IMMUNEX
NCT01766674,LLP2A-ALENDRONATE,ORIG,20230511,2023,NOVITIUM PHARMA
NCT01766674,Etanercept,SUPPL,20020115,2002,IMMUNEX
NCT00221299,LLP2A-ALENDRONATE,ORIG,20230511,2023,NOVITIUM PHARMA
NCT00221299,Etanercept,SUPPL,20020115,2002,IMMUNEX
NCT00221299,Risedronate,SUPPL,20260608,2026,AUROBINDO PHARMA LTD
NCT00221299,Parathyroid Hormone,ORIG,19811105,1981,PADAGIS US
NCT00000425,LLP2A-ALENDRONATE,ORIG,20230511,2023,NOVITIUM PHARMA
NCT00000425,Etanercept,SUPPL,20020115,2002,IMMUNEX
NCT00000425,Risedronate,SUPPL,20260608,2026,AUROBINDO PHARMA LTD
NCT00000425,Parathyroid Hormone,ORIG,19811105,1981,PADAGIS US
NCT00000425,Acetaminophen,ORIG,20220816,2022,NE RX PHARMA
NCT02888171,ferric citrate,ORIG,20190531,2019,NOVITIUM PHARMA
NCT02888171,ferrous sulfate,SUPPL,19990312,1999,WATSON LABS
NCT02620449,ferric citrate,ORIG,20190531,2019,NOVITIUM PHARMA
NCT02620449,ferrous sulfate,SUPPL,19990312,1999,WATSON LABS
NCT02040740,ferric citrate,ORIG,20190531,2019,NOVITIUM PHARMA
NCT02040740,ferrous sulfate,SUPPL,19990312,1999,WATSON LABS
NCT02040727,ferric citrate,ORIG,20190531,2019,NOVITIUM PHARMA
NCT02040727,ferrous sulfate,SUPPL,19990312,1999,WATSON LABS
NCT01988116,ferric citrate,ORIG,20190531,2019,NOVITIUM PHARMA
NCT01988116,ferrous sulfate,SUPPL,19990312,1999,WATSON LABS
NCT01769963,ferric citrate,ORIG,20190531,2019,NOVITIUM PHARMA
NCT01769963,ferrous sulfate,SUPPL,19990312,1999,WATSON LABS
NCT01394146,ferric citrate,ORIG,20190531,2019,NOVITIUM PHARMA
NCT01394146,ferrous sulfate,SUPPL,19990312,1999,WATSON LABS
NCT00856726,ferric citrate,ORIG,20190531,2019,NOVITIUM PHARMA
NCT00856726,ferrous sulfate,SUPPL,19990312,1999,WATSON LABS
NCT00856726,1-34 parathyroid infusion,SUPPL,20040624,2004,USPHARMA
NCT03674320,Testosterone Enanthate,SUPPL,20190627,2019,PADAGIS ISRAEL
NCT03554265,Testosterone Enanthate,SUPPL,20190627,2019,PADAGIS ISRAEL
NCT03554265,Somatropin,SUPPL,20010921,2001,PHARMACIA
NCT02553603,Testosterone Enanthate,SUPPL,20190627,2019,PADAGIS ISRAEL
NCT02553603,Somatropin,SUPPL,20010921,2001,PHARMACIA
NCT02553603,Growth Hormone Releasing Hormone (GHRH),ORIG,19811105,1981,PADAGIS US
NCT02114775,Testosterone Enanthate,SUPPL,20190627,2019,PADAGIS ISRAEL
NCT02114775,Somatropin,SUPPL,20010921,2001,PHARMACIA
NCT02114775,Growth Hormone Releasing Hormone (GHRH),ORIG,19811105,1981,PADAGIS US
NCT02114775,Growth Hormone,ORIG,19811105,1981,PADAGIS US
NCT02114775,Sildenafil,ORIG,20190531,2019,NOVITIUM PHARMA
NCT00957801,Testosterone Enanthate,SUPPL,20190627,2019,PADAGIS ISRAEL
NCT00957801,Somatropin,SUPPL,20010921,2001,PHARMACIA
NCT00957801,Growth Hormone Releasing Hormone (GHRH),ORIG,19811105,1981,PADAGIS US
NCT00957801,Growth Hormone,ORIG,19811105,1981,PADAGIS US
NCT00957801,Sildenafil,ORIG,20190531,2019,NOVITIUM PHARMA
NCT00957801,Testosterone injection,ORIG,20210210,2021,NEPHRON
NCT00957801,Testosterone gel,ORIG,20220913,2022,COSETTE PHARMS NC
NCT00957801,Medrol,SUPPL,20140404,2014,PHARMACIA AND UPJOHN
NCT00957671,Testosterone Enanthate,SUPPL,20190627,2019,PADAGIS ISRAEL
NCT00957671,Somatropin,SUPPL,20010921,2001,PHARMACIA
NCT00957671,Growth Hormone Releasing Hormone (GHRH),ORIG,19811105,1981,PADAGIS US
NCT00957671,Growth Hormone,ORIG,19811105,1981,PADAGIS US
NCT00957671,Sildenafil,ORIG,20190531,2019,NOVITIUM PHARMA
NCT00957671,Testosterone injection,ORIG,20210210,2021,NEPHRON
NCT00957671,Testosterone gel,ORIG,20220913,2022,COSETTE PHARMS NC
NCT00957671,Medrol,SUPPL,20140404,2014,PHARMACIA AND UPJOHN
NCT00957671,Recombinant human growth hormone,SUPPL,20020809,2002,HALEON US HOLDINGS
NCT00957528,Testosterone Enanthate,SUPPL,20190627,2019,PADAGIS ISRAEL
NCT00957528,Somatropin,SUPPL,20010921,2001,PHARMACIA
NCT00957528,Growth Hormone Releasing Hormone (GHRH),ORIG,19811105,1981,PADAGIS US
NCT00957528,Growth Hormone,ORIG,19811105,1981,PADAGIS US
NCT00957528,Sildenafil,ORIG,20190531,2019,NOVITIUM PHARMA
NCT00957528,Testosterone injection,ORIG,20210210,2021,NEPHRON
NCT00957528,Testosterone gel,ORIG,20220913,2022,COSETTE PHARMS NC
NCT00957528,Medrol,SUPPL,20140404,2014,PHARMACIA AND UPJOHN
NCT00957528,Recombinant human growth hormone,SUPPL,20020809,2002,HALEON US HOLDINGS
NCT00957528,Testosterone,SUPPL,20190627,2019,PADAGIS ISRAEL
NCT00006271,Testosterone Enanthate,SUPPL,20190627,2019,PADAGIS ISRAEL
NCT00006271,Somatropin,SUPPL,20010921,2001,PHARMACIA
NCT00006271,Growth Hormone Releasing Hormone (GHRH),ORIG,19811105,1981,PADAGIS US
NCT00006271,Growth Hormone,ORIG,19811105,1981,PADAGIS US
NCT00006271,Sildenafil,ORIG,20190531,2019,NOVITIUM PHARMA
NCT00006271,Testosterone injection,ORIG,20210210,2021,NEPHRON
NCT00006271,Testosterone gel,ORIG,20220913,2022,COSETTE PHARMS NC
NCT00006271,Medrol,SUPPL,20140404,2014,PHARMACIA AND UPJOHN
NCT00006271,Recombinant human growth hormone,SUPPL,20020809,2002,HALEON US HOLDINGS
NCT00006271,Testosterone,SUPPL,20190627,2019,PADAGIS ISRAEL
NCT00006270,Testosterone Enanthate,SUPPL,20190627,2019,PADAGIS ISRAEL
NCT00006270,Somatropin,SUPPL,20010921,2001,PHARMACIA
NCT00006270,Growth Hormone Releasing Hormone (GHRH),ORIG,19811105,1981,PADAGIS US
NCT00006270,Growth Hormone,ORIG,19811105,1981,PADAGIS US
NCT00006270,Sildenafil,ORIG,20190531,2019,NOVITIUM PHARMA
NCT00006270,Testosterone injection,ORIG,20210210,2021,NEPHRON
NCT00006270,Testosterone gel,ORIG,20220913,2022,COSETTE PHARMS NC
NCT00006270,Medrol,SUPPL,20140404,2014,PHARMACIA AND UPJOHN
NCT00006270,Recombinant human growth hormone,SUPPL,20020809,2002,HALEON US HOLDINGS
NCT00006270,Testosterone,SUPPL,20190627,2019,PADAGIS ISRAEL
NCT00006270,cosyntropin,ORIG,20120629,2012,SANDOZ
NCT00006270,metyrapone,SUPPL,20140814,2014,ESTEVE
NCT04881240,Cyclophosphamide,ORIG,20141031,2014,HENGRUI PHARMA
NCT04881240,Fludarabine,SUPPL,20150614,2015,SAGENT PHARMS INC
NCT04881240,Mesna,ORIG,20040109,2004,HIKMA
NCT01512888,Cyclophosphamide,ORIG,20141031,2014,HENGRUI PHARMA
NCT01512888,Fludarabine,SUPPL,20150614,2015,SAGENT PHARMS INC
NCT01512888,Mesna,ORIG,20040109,2004,HIKMA
NCT01512888,Busulfan,SUPPL,20240722,2024,ACCORD HLTHCARE INC
NCT00889954,Cyclophosphamide,ORIG,20141031,2014,HENGRUI PHARMA
NCT00889954,Fludarabine,SUPPL,20150614,2015,SAGENT PHARMS INC
NCT00889954,Mesna,ORIG,20040109,2004,HIKMA
NCT00889954,Busulfan,SUPPL,20240722,2024,ACCORD HLTHCARE INC
NCT00695279,Cyclophosphamide,ORIG,20141031,2014,HENGRUI PHARMA
NCT00695279,Fludarabine,SUPPL,20150614,2015,SAGENT PHARMS INC
NCT00695279,Mesna,ORIG,20040109,2004,HIKMA
NCT00695279,Busulfan,SUPPL,20240722,2024,ACCORD HLTHCARE INC
NCT00516087,Cyclophosphamide,ORIG,20141031,2014,HENGRUI PHARMA
NCT00516087,Fludarabine,SUPPL,20150614,2015,SAGENT PHARMS INC
NCT00516087,Mesna,ORIG,20040109,2004,HIKMA
NCT00516087,Busulfan,SUPPL,20240722,2024,ACCORD HLTHCARE INC
NCT00515957,Cyclophosphamide,ORIG,20141031,2014,HENGRUI PHARMA
NCT00515957,Fludarabine,SUPPL,20150614,2015,SAGENT PHARMS INC
NCT00515957,Mesna,ORIG,20040109,2004,HIKMA
NCT00515957,Busulfan,SUPPL,20240722,2024,ACCORD HLTHCARE INC
NCT00383097,Cyclophosphamide,ORIG,20141031,2014,HENGRUI PHARMA
NCT00383097,Fludarabine,SUPPL,20150614,2015,SAGENT PHARMS INC
NCT00383097,Mesna,ORIG,20040109,2004,HIKMA
NCT00383097,Busulfan,SUPPL,20240722,2024,ACCORD HLTHCARE INC
NCT00078546,Cyclophosphamide,ORIG,20141031,2014,HENGRUI PHARMA
NCT00078546,Fludarabine,SUPPL,20150614,2015,SAGENT PHARMS INC
NCT00078546,Mesna,ORIG,20040109,2004,HIKMA
NCT00078546,Busulfan,SUPPL,20240722,2024,ACCORD HLTHCARE INC
NCT06948955,Sunitinib,ORIG,20211206,2021,MYLAN
NCT06843967,Sunitinib,ORIG,20211206,2021,MYLAN
NCT06843967,Mirdametinib,ORIG,20250211,2025,SPRINGWORKS
NCT06843967,Palbociclib,SUPPL,20190909,2019,PFIZER
NCT06127407,Sunitinib,ORIG,20211206,2021,MYLAN
NCT06127407,Mirdametinib,ORIG,20250211,2025,SPRINGWORKS
NCT06127407,Palbociclib,SUPPL,20190909,2019,PFIZER
NCT06127407,Ivosidenib 500mg,SUPPL,20191010,2019,SHILPA
NCT04969835,Sunitinib,ORIG,20211206,2021,MYLAN
NCT04969835,Mirdametinib,ORIG,20250211,2025,SPRINGWORKS
NCT04969835,Palbociclib,SUPPL,20190909,2019,PFIZER
NCT04969835,Ivosidenib 500mg,SUPPL,20191010,2019,SHILPA
NCT02601209,Sunitinib,ORIG,20211206,2021,MYLAN
NCT02601209,Mirdametinib,ORIG,20250211,2025,SPRINGWORKS
NCT02601209,Palbociclib,SUPPL,20190909,2019,PFIZER
NCT02601209,Ivosidenib 500mg,SUPPL,20191010,2019,SHILPA
NCT02601209,Pazopanib,ORIG,20231019,2023,TEVA PHARMS INC
NCT02601209,Pazopanib Hydrochloride,SUPPL,20171221,2017,KENVUE BRANDS
NCT02257541,Sunitinib,ORIG,20211206,2021,MYLAN
NCT02257541,Mirdametinib,ORIG,20250211,2025,SPRINGWORKS
NCT02257541,Palbociclib,SUPPL,20190909,2019,PFIZER
NCT02257541,Ivosidenib 500mg,SUPPL,20191010,2019,SHILPA
NCT02257541,Pazopanib,ORIG,20231019,2023,TEVA PHARMS INC
NCT02257541,Pazopanib Hydrochloride,SUPPL,20171221,2017,KENVUE BRANDS
NCT02257541,Imatinib Mesylate,ORIG,20250430,2025,SATSUMA PHARMS
NCT01440088,Sunitinib,ORIG,20211206,2021,MYLAN
NCT01440088,Mirdametinib,ORIG,20250211,2025,SPRINGWORKS
NCT01440088,Palbociclib,SUPPL,20190909,2019,PFIZER
NCT01440088,Ivosidenib 500mg,SUPPL,20191010,2019,SHILPA
NCT01440088,Pazopanib,ORIG,20231019,2023,TEVA PHARMS INC
NCT01440088,Pazopanib Hydrochloride,SUPPL,20171221,2017,KENVUE BRANDS
NCT01440088,Imatinib Mesylate,ORIG,20250430,2025,SATSUMA PHARMS
NCT01440088,TH-302 in Combination with Doxorubicin,ORIG,20240214,2024,BAXTER HLTHCARE CORP
NCT01440088,Doxorubicin,SUPPL,19960729,1996,HIKMA
NCT01418001,Sunitinib,ORIG,20211206,2021,MYLAN
NCT01418001,Mirdametinib,ORIG,20250211,2025,SPRINGWORKS
NCT01418001,Palbociclib,SUPPL,20190909,2019,PFIZER
NCT01418001,Ivosidenib 500mg,SUPPL,20191010,2019,SHILPA
NCT01418001,Pazopanib,ORIG,20231019,2023,TEVA PHARMS INC
NCT01418001,Pazopanib Hydrochloride,SUPPL,20171221,2017,KENVUE BRANDS
NCT01418001,Imatinib Mesylate,ORIG,20250430,2025,SATSUMA PHARMS
NCT01418001,TH-302 in Combination with Doxorubicin,ORIG,20240214,2024,BAXTER HLTHCARE CORP
NCT01418001,Doxorubicin,SUPPL,19960729,1996,HIKMA
NCT01141491,Sunitinib,ORIG,20211206,2021,MYLAN
NCT01141491,Mirdametinib,ORIG,20250211,2025,SPRINGWORKS
NCT01141491,Palbociclib,SUPPL,20190909,2019,PFIZER
NCT01141491,Ivosidenib 500mg,SUPPL,20191010,2019,SHILPA
NCT01141491,Pazopanib,ORIG,20231019,2023,TEVA PHARMS INC
NCT01141491,Pazopanib Hydrochloride,SUPPL,20171221,2017,KENVUE BRANDS
NCT01141491,Imatinib Mesylate,ORIG,20250430,2025,SATSUMA PHARMS
NCT01141491,TH-302 in Combination with Doxorubicin,ORIG,20240214,2024,BAXTER HLTHCARE CORP
NCT01141491,Doxorubicin,SUPPL,19960729,1996,HIKMA
NCT01016015,Sunitinib,ORIG,20211206,2021,MYLAN
NCT01016015,Mirdametinib,ORIG,20250211,2025,SPRINGWORKS
NCT01016015,Palbociclib,SUPPL,20190909,2019,PFIZER
NCT01016015,Ivosidenib 500mg,SUPPL,20191010,2019,SHILPA
NCT01016015,Pazopanib,ORIG,20231019,2023,TEVA PHARMS INC
NCT01016015,Pazopanib Hydrochloride,SUPPL,20171221,2017,KENVUE BRANDS
NCT01016015,Imatinib Mesylate,ORIG,20250430,2025,SATSUMA PHARMS
NCT01016015,TH-302 in Combination with Doxorubicin,ORIG,20240214,2024,BAXTER HLTHCARE CORP
NCT01016015,Doxorubicin,SUPPL,19960729,1996,HIKMA
NCT01016015,Temsirolimus,ORIG,20190816,2019,GLAND
NCT00887809,Sunitinib,ORIG,20211206,2021,MYLAN
NCT00887809,Mirdametinib,ORIG,20250211,2025,SPRINGWORKS
NCT00887809,Palbociclib,SUPPL,20190909,2019,PFIZER
NCT00887809,Ivosidenib 500mg,SUPPL,20191010,2019,SHILPA
NCT00887809,Pazopanib,ORIG,20231019,2023,TEVA PHARMS INC
NCT00887809,Pazopanib Hydrochloride,SUPPL,20171221,2017,KENVUE BRANDS
NCT00887809,Imatinib Mesylate,ORIG,20250430,2025,SATSUMA PHARMS
NCT00887809,TH-302 in Combination with Doxorubicin,ORIG,20240214,2024,BAXTER HLTHCARE CORP
NCT00887809,Doxorubicin,SUPPL,19960729,1996,HIKMA
NCT00887809,Temsirolimus,ORIG,20190816,2019,GLAND
NCT00887809,gemcitabine,SUPPL,20191003,2019,GLAND
NCT00887809,docetaxel,SUPPL,20230919,2023,HENGRUI PHARMA
NCT00887809,bevacizumab,SUPPL,20210209,2021,PFIZER INC
NCT00880542,Sunitinib,ORIG,20211206,2021,MYLAN
NCT00880542,Mirdametinib,ORIG,20250211,2025,SPRINGWORKS
NCT00880542,Palbociclib,SUPPL,20190909,2019,PFIZER
NCT00880542,Ivosidenib 500mg,SUPPL,20191010,2019,SHILPA
NCT00880542,Pazopanib,ORIG,20231019,2023,TEVA PHARMS INC
NCT00880542,Pazopanib Hydrochloride,SUPPL,20171221,2017,KENVUE BRANDS
NCT00880542,Imatinib Mesylate,ORIG,20250430,2025,SATSUMA PHARMS
NCT00880542,TH-302 in Combination with Doxorubicin,ORIG,20240214,2024,BAXTER HLTHCARE CORP
NCT00880542,Doxorubicin,SUPPL,19960729,1996,HIKMA
NCT00880542,Temsirolimus,ORIG,20190816,2019,GLAND
NCT00880542,gemcitabine,SUPPL,20191003,2019,GLAND
NCT00880542,docetaxel,SUPPL,20230919,2023,HENGRUI PHARMA
NCT00880542,bevacizumab,SUPPL,20210209,2021,PFIZER INC
NCT00880542,sorafenib,ORIG,20230412,2023,TORRENT
NCT00880542,Ifosfamide,SUPPL,20201228,2020,HIKMA
NCT00837148,Sunitinib,ORIG,20211206,2021,MYLAN
NCT00837148,Mirdametinib,ORIG,20250211,2025,SPRINGWORKS
NCT00837148,Palbociclib,SUPPL,20190909,2019,PFIZER
NCT00837148,Ivosidenib 500mg,SUPPL,20191010,2019,SHILPA
NCT00837148,Pazopanib,ORIG,20231019,2023,TEVA PHARMS INC
NCT00837148,Pazopanib Hydrochloride,SUPPL,20171221,2017,KENVUE BRANDS
NCT00837148,Imatinib Mesylate,ORIG,20250430,2025,SATSUMA PHARMS
NCT00837148,TH-302 in Combination with Doxorubicin,ORIG,20240214,2024,BAXTER HLTHCARE CORP
NCT00837148,Doxorubicin,SUPPL,19960729,1996,HIKMA
NCT00837148,Temsirolimus,ORIG,20190816,2019,GLAND
NCT00837148,gemcitabine,SUPPL,20191003,2019,GLAND
NCT00837148,docetaxel,SUPPL,20230919,2023,HENGRUI PHARMA
NCT00837148,bevacizumab,SUPPL,20210209,2021,PFIZER INC
NCT00837148,sorafenib,ORIG,20230412,2023,TORRENT
NCT00837148,Ifosfamide,SUPPL,20201228,2020,HIKMA
NCT00837148,Sorafenib and Dacarbazine,ORIG,20260406,2026,MACLEODS PHARMS LTD
NCT00137111,"Mercaptopurine, Imatinib",SUPPL,20230816,2023,DR REDDYS
NCT03802214,Vedolizumab,SUPPL,20240418,2024,TAKEDA PHARMS USA
NCT03327051,Vedolizumab,SUPPL,20240418,2024,TAKEDA PHARMS USA
NCT03327051,Omeprazole,ORIG,20071204,2007,DEXCEL PHARMA
NCT02290665,Vedolizumab,SUPPL,20240418,2024,TAKEDA PHARMS USA
NCT02290665,Omeprazole,ORIG,20071204,2007,DEXCEL PHARMA
NCT03598257,Olaparib,SUPPL,20210311,2021,ASTRAZENECA
NCT03448926,Olaparib,SUPPL,20210311,2021,ASTRAZENECA
NCT02400190,Olaparib,SUPPL,20210311,2021,ASTRAZENECA
NCT01477489,Olaparib,SUPPL,20210311,2021,ASTRAZENECA
NCT06954805,Rituximab,SUPPL,20200529,2020,CELLTRION INC
NCT06954805,Etoposide,SUPPL,19961212,1996,MEITHEAL
NCT06954805,Prednisone,ORIG,19740226,1974,MYLAN
NCT06954805,Vincristine,SUPPL,19921103,1992,HOSPIRA
NCT06954805,Cyclophosphamide,ORIG,20141031,2014,HENGRUI PHARMA
NCT06954805,Doxorubicin,SUPPL,19960729,1996,HIKMA
NCT06651489,Guselkumab,SUPPL,20250926,2025,JANSSEN BIOTECH
NCT03738800,Guselkumab,SUPPL,20250926,2025,JANSSEN BIOTECH
NCT02024555,Levofloxacin,ORIG,20201230,2020,GLAND
NCT02024555,Ethambutol,ORIG,20090617,2009,LUPIN
NCT02024555,Azithromycin,SUPPL,20120228,2012,PLIVA
NCT02024555,Rifampin,SUPPL,20220114,2022,EPIC PHARMA LLC
NCT01169038,Levofloxacin,ORIG,20201230,2020,GLAND
NCT01169038,Ethambutol,ORIG,20090617,2009,LUPIN
NCT01169038,Azithromycin,SUPPL,20120228,2012,PLIVA
NCT01169038,Rifampin,SUPPL,20220114,2022,EPIC PHARMA LLC
NCT01169038,ethambutol,ORIG,20090617,2009,LUPIN
NCT01169038,rifampin and azithromycin.,ORIG,20260406,2026,MACLEODS PHARMS LTD
NCT01074554,Levofloxacin,ORIG,20201230,2020,GLAND
NCT01074554,Ethambutol,ORIG,20090617,2009,LUPIN
NCT01074554,Azithromycin,SUPPL,20120228,2012,PLIVA
NCT01074554,Rifampin,SUPPL,20220114,2022,EPIC PHARMA LLC
NCT01074554,ethambutol,ORIG,20090617,2009,LUPIN
NCT01074554,rifampin and azithromycin.,ORIG,20260406,2026,MACLEODS PHARMS LTD
NCT05713799,Alpha-lipoic acid,ORIG,20190725,2019,AUROBINDO PHARMA LTD
NCT05713799,Mirabegron,ORIG,20220928,2022,LUPIN
NCT03049462,Alpha-lipoic acid,ORIG,20190725,2019,AUROBINDO PHARMA LTD
NCT03049462,Mirabegron,ORIG,20220928,2022,LUPIN
NCT02692885,Alpha-lipoic acid,ORIG,20190725,2019,AUROBINDO PHARMA LTD
NCT02692885,Mirabegron,ORIG,20220928,2022,LUPIN
NCT01783470,Alpha-lipoic acid,ORIG,20190725,2019,AUROBINDO PHARMA LTD
NCT01783470,Mirabegron,ORIG,20220928,2022,LUPIN
NCT00712296,ASHMI 4,SUPPL,20021104,2002,FRESENIUS MEDCL CARE
NCT00712296,ASHMI 12,SUPPL,20171221,2017,KENVUE BRANDS
NCT00601263,ASHMI 4,SUPPL,20021104,2002,FRESENIUS MEDCL CARE
NCT00601263,ASHMI 12,SUPPL,20171221,2017,KENVUE BRANDS
NCT01164098,Rituximab,SUPPL,20200529,2020,CELLTRION INC
NCT01443923,Peg-Interferon-alfa 2B,SUPPL,20211013,2021,PPI-DAC
NCT01443923,Ribavirin,SUPPL,19940926,1994,BAUSCH
NCT01441180,Peg-Interferon-alfa 2B,SUPPL,20211013,2021,PPI-DAC
NCT01441180,Ribavirin,SUPPL,19940926,1994,BAUSCH
NCT01182298,Peg-Interferon-alfa 2B,SUPPL,20211013,2021,PPI-DAC
NCT01182298,Ribavirin,SUPPL,19940926,1994,BAUSCH
NCT00018031,Peg-Interferon-alfa 2B,SUPPL,20211013,2021,PPI-DAC
NCT00018031,Ribavirin,SUPPL,19940926,1994,BAUSCH
NCT00018031,Peginterferon alfa-2b,SUPPL,20010301,2001,GENZYME
NCT02447991,Rizatriptan,ORIG,20130701,2013,GLENMARK PHARMS LTD
NCT00266760,Rizatriptan,ORIG,20130701,2013,GLENMARK PHARMS LTD
NCT00837434,Etanercept,SUPPL,20020115,2002,IMMUNEX
NCT00837434,Adalimumab,SUPPL,20220714,2022,MYLAN PHARMS INC
NCT00259610,Etanercept,SUPPL,20020115,2002,IMMUNEX
NCT00259610,Adalimumab,SUPPL,20220714,2022,MYLAN PHARMS INC
NCT00259610,methotrexate,ORIG,20200124,2020,ACCORD HLTHCARE
NCT00259610,sulfasalazine,SUPPL,20230824,2023,CHARTWELL
NCT00259610,hydroxychloroquine,SUPPL,20230912,2023,ACCORD HLTHCARE
NCT00259610,etanercept,SUPPL,20020115,2002,IMMUNEX
NCT04585490,Durvalumab,SUPPL,20201118,2020,ASTRAZENECA UK LTD
NCT04585490,Carboplatin,ORIG,20170215,2017,GLAND
NCT04585490,Pemetrexed,ORIG,20231211,2023,PRINSTON INC
NCT04585490,Paclitaxel,ORIG,20250819,2025,MYLAN
NCT04585490,Cisplatin,ORIG,20240510,2024,QILU
NCT04585490,Tremelimumab,SUPPL,20221028,2022,ASTRAZENECA AB
NCT02693080,Durvalumab,SUPPL,20201118,2020,ASTRAZENECA UK LTD
NCT02693080,Carboplatin,ORIG,20170215,2017,GLAND
NCT02693080,Pemetrexed,ORIG,20231211,2023,PRINSTON INC
NCT02693080,Paclitaxel,ORIG,20250819,2025,MYLAN
NCT02693080,Cisplatin,ORIG,20240510,2024,QILU
NCT02693080,Tremelimumab,SUPPL,20221028,2022,ASTRAZENECA AB
NCT02693080,Isovue-200,SUPPL,20120427,2012,BIONPHARMA
NCT02581787,Durvalumab,SUPPL,20201118,2020,ASTRAZENECA UK LTD
NCT02581787,Carboplatin,ORIG,20170215,2017,GLAND
NCT02581787,Pemetrexed,ORIG,20231211,2023,PRINSTON INC
NCT02581787,Paclitaxel,ORIG,20250819,2025,MYLAN
NCT02581787,Cisplatin,ORIG,20240510,2024,QILU
NCT02581787,Tremelimumab,SUPPL,20221028,2022,ASTRAZENECA AB
NCT02581787,Isovue-200,SUPPL,20120427,2012,BIONPHARMA
NCT01463423,Durvalumab,SUPPL,20201118,2020,ASTRAZENECA UK LTD
NCT01463423,Carboplatin,ORIG,20170215,2017,GLAND
NCT01463423,Pemetrexed,ORIG,20231211,2023,PRINSTON INC
NCT01463423,Paclitaxel,ORIG,20250819,2025,MYLAN
NCT01463423,Cisplatin,ORIG,20240510,2024,QILU
NCT01463423,Tremelimumab,SUPPL,20221028,2022,ASTRAZENECA AB
NCT01463423,Isovue-200,SUPPL,20120427,2012,BIONPHARMA
NCT01182155,Durvalumab,SUPPL,20201118,2020,ASTRAZENECA UK LTD
NCT01182155,Carboplatin,ORIG,20170215,2017,GLAND
NCT01182155,Pemetrexed,ORIG,20231211,2023,PRINSTON INC
NCT01182155,Paclitaxel,ORIG,20250819,2025,MYLAN
NCT01182155,Cisplatin,ORIG,20240510,2024,QILU
NCT01182155,Tremelimumab,SUPPL,20221028,2022,ASTRAZENECA AB
NCT01182155,Isovue-200,SUPPL,20120427,2012,BIONPHARMA
NCT00349830,Durvalumab,SUPPL,20201118,2020,ASTRAZENECA UK LTD
NCT00349830,Carboplatin,ORIG,20170215,2017,GLAND
NCT00349830,Pemetrexed,ORIG,20231211,2023,PRINSTON INC
NCT00349830,Paclitaxel,ORIG,20250819,2025,MYLAN
NCT00349830,Cisplatin,ORIG,20240510,2024,QILU
NCT00349830,Tremelimumab,SUPPL,20221028,2022,ASTRAZENECA AB
NCT00349830,Isovue-200,SUPPL,20120427,2012,BIONPHARMA
NCT04713657,Propranolol Hydrochloride,SUPPL,20171221,2017,KENVUE BRANDS
NCT06718686,Rifaximin SSD 40 mg IR tablet,SUPPL,20021104,2002,FRESENIUS MEDCL CARE
NCT06613698,Rifaximin SSD 40 mg IR tablet,SUPPL,20021104,2002,FRESENIUS MEDCL CARE
NCT06464952,Rifaximin SSD 40 mg IR tablet,SUPPL,20021104,2002,FRESENIUS MEDCL CARE
NCT06052176,Rifaximin SSD 40 mg IR tablet,SUPPL,20021104,2002,FRESENIUS MEDCL CARE
NCT06052176,Albumin Infusion,SUPPL,20040624,2004,USPHARMA
NCT05548452,Rifaximin SSD 40 mg IR tablet,SUPPL,20021104,2002,FRESENIUS MEDCL CARE
NCT05548452,Albumin Infusion,SUPPL,20040624,2004,USPHARMA
NCT05538962,Rifaximin SSD 40 mg IR tablet,SUPPL,20021104,2002,FRESENIUS MEDCL CARE
NCT05538962,Albumin Infusion,SUPPL,20040624,2004,USPHARMA
NCT05376488,Rifaximin SSD 40 mg IR tablet,SUPPL,20021104,2002,FRESENIUS MEDCL CARE
NCT05376488,Albumin Infusion,SUPPL,20040624,2004,USPHARMA
NCT04082780,Rifaximin SSD 40 mg IR tablet,SUPPL,20021104,2002,FRESENIUS MEDCL CARE
NCT04082780,Albumin Infusion,SUPPL,20040624,2004,USPHARMA
NCT04082780,Rifamycin SV MMX,SUPPL,20190705,2019,THERATECHNOLOGIES
NCT03796598,Rifaximin SSD 40 mg IR tablet,SUPPL,20021104,2002,FRESENIUS MEDCL CARE
NCT03796598,Albumin Infusion,SUPPL,20040624,2004,USPHARMA
NCT03796598,Rifamycin SV MMX,SUPPL,20190705,2019,THERATECHNOLOGIES
NCT03796598,Fecal Microbial transplant Capsules,ORIG,20230825,2023,PRINSTON INC
NCT03796598,Fecal Microbial Transplant Enema,SUPPL,20020123,2002,TEVA PHARMS
NCT03585257,Rifaximin SSD 40 mg IR tablet,SUPPL,20021104,2002,FRESENIUS MEDCL CARE
NCT03585257,Albumin Infusion,SUPPL,20040624,2004,USPHARMA
NCT03585257,Rifamycin SV MMX,SUPPL,20190705,2019,THERATECHNOLOGIES
NCT03585257,Fecal Microbial transplant Capsules,ORIG,20230825,2023,PRINSTON INC
NCT03585257,Fecal Microbial Transplant Enema,SUPPL,20020123,2002,TEVA PHARMS
NCT03564626,Rifaximin SSD 40 mg IR tablet,SUPPL,20021104,2002,FRESENIUS MEDCL CARE
NCT03564626,Albumin Infusion,SUPPL,20040624,2004,USPHARMA
NCT03564626,Rifamycin SV MMX,SUPPL,20190705,2019,THERATECHNOLOGIES
NCT03564626,Fecal Microbial transplant Capsules,ORIG,20230825,2023,PRINSTON INC
NCT03564626,Fecal Microbial Transplant Enema,SUPPL,20020123,2002,TEVA PHARMS
NCT03416751,Rifaximin SSD 40 mg IR tablet,SUPPL,20021104,2002,FRESENIUS MEDCL CARE
NCT03416751,Albumin Infusion,SUPPL,20040624,2004,USPHARMA
NCT03416751,Rifamycin SV MMX,SUPPL,20190705,2019,THERATECHNOLOGIES
NCT03416751,Fecal Microbial transplant Capsules,ORIG,20230825,2023,PRINSTON INC
NCT03416751,Fecal Microbial Transplant Enema,SUPPL,20020123,2002,TEVA PHARMS
NCT03152188,Rifaximin SSD 40 mg IR tablet,SUPPL,20021104,2002,FRESENIUS MEDCL CARE
NCT03152188,Albumin Infusion,SUPPL,20040624,2004,USPHARMA
NCT03152188,Rifamycin SV MMX,SUPPL,20190705,2019,THERATECHNOLOGIES
NCT03152188,Fecal Microbial transplant Capsules,ORIG,20230825,2023,PRINSTON INC
NCT03152188,Fecal Microbial Transplant Enema,SUPPL,20020123,2002,TEVA PHARMS
NCT03091738,Rifaximin SSD 40 mg IR tablet,SUPPL,20021104,2002,FRESENIUS MEDCL CARE
NCT03091738,Albumin Infusion,SUPPL,20040624,2004,USPHARMA
NCT03091738,Rifamycin SV MMX,SUPPL,20190705,2019,THERATECHNOLOGIES
NCT03091738,Fecal Microbial transplant Capsules,ORIG,20230825,2023,PRINSTON INC
NCT03091738,Fecal Microbial Transplant Enema,SUPPL,20020123,2002,TEVA PHARMS
NCT03091738,Ramelteon Pill,ORIG,20221125,2022,XIROMED
NCT03030820,Rifaximin SSD 40 mg IR tablet,SUPPL,20021104,2002,FRESENIUS MEDCL CARE
NCT03030820,Albumin Infusion,SUPPL,20040624,2004,USPHARMA
NCT03030820,Rifamycin SV MMX,SUPPL,20190705,2019,THERATECHNOLOGIES
NCT03030820,Fecal Microbial transplant Capsules,ORIG,20230825,2023,PRINSTON INC
NCT03030820,Fecal Microbial Transplant Enema,SUPPL,20020123,2002,TEVA PHARMS
NCT03030820,Ramelteon Pill,ORIG,20221125,2022,XIROMED
NCT02944643,Rifaximin SSD 40 mg IR tablet,SUPPL,20021104,2002,FRESENIUS MEDCL CARE
NCT02944643,Albumin Infusion,SUPPL,20040624,2004,USPHARMA
NCT02944643,Rifamycin SV MMX,SUPPL,20190705,2019,THERATECHNOLOGIES
NCT02944643,Fecal Microbial transplant Capsules,ORIG,20230825,2023,PRINSTON INC
NCT02944643,Fecal Microbial Transplant Enema,SUPPL,20020123,2002,TEVA PHARMS
NCT02944643,Ramelteon Pill,ORIG,20221125,2022,XIROMED
NCT02636647,Rifaximin SSD 40 mg IR tablet,SUPPL,20021104,2002,FRESENIUS MEDCL CARE
NCT02636647,Albumin Infusion,SUPPL,20040624,2004,USPHARMA
NCT02636647,Rifamycin SV MMX,SUPPL,20190705,2019,THERATECHNOLOGIES
NCT02636647,Fecal Microbial transplant Capsules,ORIG,20230825,2023,PRINSTON INC
NCT02636647,Fecal Microbial Transplant Enema,SUPPL,20020123,2002,TEVA PHARMS
NCT02636647,Ramelteon Pill,ORIG,20221125,2022,XIROMED
NCT02534805,Rifaximin SSD 40 mg IR tablet,SUPPL,20021104,2002,FRESENIUS MEDCL CARE
NCT02534805,Albumin Infusion,SUPPL,20040624,2004,USPHARMA
NCT02534805,Rifamycin SV MMX,SUPPL,20190705,2019,THERATECHNOLOGIES
NCT02534805,Fecal Microbial transplant Capsules,ORIG,20230825,2023,PRINSTON INC
NCT02534805,Fecal Microbial Transplant Enema,SUPPL,20020123,2002,TEVA PHARMS
NCT02534805,Ramelteon Pill,ORIG,20221125,2022,XIROMED
NCT02154282,Rifaximin SSD 40 mg IR tablet,SUPPL,20021104,2002,FRESENIUS MEDCL CARE
NCT02154282,Albumin Infusion,SUPPL,20040624,2004,USPHARMA
NCT02154282,Rifamycin SV MMX,SUPPL,20190705,2019,THERATECHNOLOGIES
NCT02154282,Fecal Microbial transplant Capsules,ORIG,20230825,2023,PRINSTON INC
NCT02154282,Fecal Microbial Transplant Enema,SUPPL,20020123,2002,TEVA PHARMS
NCT02154282,Ramelteon Pill,ORIG,20221125,2022,XIROMED
NCT01556646,Rifaximin SSD 40 mg IR tablet,SUPPL,20021104,2002,FRESENIUS MEDCL CARE
NCT01556646,Albumin Infusion,SUPPL,20040624,2004,USPHARMA
NCT01556646,Rifamycin SV MMX,SUPPL,20190705,2019,THERATECHNOLOGIES
NCT01556646,Fecal Microbial transplant Capsules,ORIG,20230825,2023,PRINSTON INC
NCT01556646,Fecal Microbial Transplant Enema,SUPPL,20020123,2002,TEVA PHARMS
NCT01556646,Ramelteon Pill,ORIG,20221125,2022,XIROMED
NCT01556646,Tolvaptan,ORIG,20220215,2022,PH HEALTH
NCT01458990,Rifaximin SSD 40 mg IR tablet,SUPPL,20021104,2002,FRESENIUS MEDCL CARE
NCT01458990,Albumin Infusion,SUPPL,20040624,2004,USPHARMA
NCT01458990,Rifamycin SV MMX,SUPPL,20190705,2019,THERATECHNOLOGIES
NCT01458990,Fecal Microbial transplant Capsules,ORIG,20230825,2023,PRINSTON INC
NCT01458990,Fecal Microbial Transplant Enema,SUPPL,20020123,2002,TEVA PHARMS
NCT01458990,Ramelteon Pill,ORIG,20221125,2022,XIROMED
NCT01458990,Tolvaptan,ORIG,20220215,2022,PH HEALTH
NCT01458990,Omeprazole,ORIG,20071204,2007,DEXCEL PHARMA
NCT01069133,Rifaximin SSD 40 mg IR tablet,SUPPL,20021104,2002,FRESENIUS MEDCL CARE
NCT01069133,Albumin Infusion,SUPPL,20040624,2004,USPHARMA
NCT01069133,Rifamycin SV MMX,SUPPL,20190705,2019,THERATECHNOLOGIES
NCT01069133,Fecal Microbial transplant Capsules,ORIG,20230825,2023,PRINSTON INC
NCT01069133,Fecal Microbial Transplant Enema,SUPPL,20020123,2002,TEVA PHARMS
NCT01069133,Ramelteon Pill,ORIG,20221125,2022,XIROMED
NCT01069133,Tolvaptan,ORIG,20220215,2022,PH HEALTH
NCT01069133,Omeprazole,ORIG,20071204,2007,DEXCEL PHARMA
NCT01069133,Rifaximin,SUPPL,20150423,2015,SALIX PHARMS
NCT01069133,rifaximin,SUPPL,20150423,2015,SALIX PHARMS
NCT00992290,Rifaximin SSD 40 mg IR tablet,SUPPL,20021104,2002,FRESENIUS MEDCL CARE
NCT00992290,Albumin Infusion,SUPPL,20040624,2004,USPHARMA
NCT00992290,Rifamycin SV MMX,SUPPL,20190705,2019,THERATECHNOLOGIES
NCT00992290,Fecal Microbial transplant Capsules,ORIG,20230825,2023,PRINSTON INC
NCT00992290,Fecal Microbial Transplant Enema,SUPPL,20020123,2002,TEVA PHARMS
NCT00992290,Ramelteon Pill,ORIG,20221125,2022,XIROMED
NCT00992290,Tolvaptan,ORIG,20220215,2022,PH HEALTH
NCT00992290,Omeprazole,ORIG,20071204,2007,DEXCEL PHARMA
NCT00992290,Rifaximin,SUPPL,20150423,2015,SALIX PHARMS
NCT00992290,rifaximin,SUPPL,20150423,2015,SALIX PHARMS
NCT00914056,Rifaximin SSD 40 mg IR tablet,SUPPL,20021104,2002,FRESENIUS MEDCL CARE
NCT00914056,Albumin Infusion,SUPPL,20040624,2004,USPHARMA
NCT00914056,Rifamycin SV MMX,SUPPL,20190705,2019,THERATECHNOLOGIES
NCT00914056,Fecal Microbial transplant Capsules,ORIG,20230825,2023,PRINSTON INC
NCT00914056,Fecal Microbial Transplant Enema,SUPPL,20020123,2002,TEVA PHARMS
NCT00914056,Ramelteon Pill,ORIG,20221125,2022,XIROMED
NCT00914056,Tolvaptan,ORIG,20220215,2022,PH HEALTH
NCT00914056,Omeprazole,ORIG,20071204,2007,DEXCEL PHARMA
NCT00914056,Rifaximin,SUPPL,20150423,2015,SALIX PHARMS
NCT00914056,rifaximin,SUPPL,20150423,2015,SALIX PHARMS
NCT00914056,lactulose,ORIG,20030728,2003,BAJAJ
NCT00533910,Rifaximin SSD 40 mg IR tablet,SUPPL,20021104,2002,FRESENIUS MEDCL CARE
NCT00533910,Albumin Infusion,SUPPL,20040624,2004,USPHARMA
NCT00533910,Rifamycin SV MMX,SUPPL,20190705,2019,THERATECHNOLOGIES
NCT00533910,Fecal Microbial transplant Capsules,ORIG,20230825,2023,PRINSTON INC
NCT00533910,Fecal Microbial Transplant Enema,SUPPL,20020123,2002,TEVA PHARMS
NCT00533910,Ramelteon Pill,ORIG,20221125,2022,XIROMED
NCT00533910,Tolvaptan,ORIG,20220215,2022,PH HEALTH
NCT00533910,Omeprazole,ORIG,20071204,2007,DEXCEL PHARMA
NCT00533910,Rifaximin,SUPPL,20150423,2015,SALIX PHARMS
NCT00533910,rifaximin,SUPPL,20150423,2015,SALIX PHARMS
NCT00533910,lactulose,ORIG,20030728,2003,BAJAJ
NCT00312078,Rifaximin SSD 40 mg IR tablet,SUPPL,20021104,2002,FRESENIUS MEDCL CARE
NCT00312078,Albumin Infusion,SUPPL,20040624,2004,USPHARMA
NCT00312078,Rifamycin SV MMX,SUPPL,20190705,2019,THERATECHNOLOGIES
NCT00312078,Fecal Microbial transplant Capsules,ORIG,20230825,2023,PRINSTON INC
NCT00312078,Fecal Microbial Transplant Enema,SUPPL,20020123,2002,TEVA PHARMS
NCT00312078,Ramelteon Pill,ORIG,20221125,2022,XIROMED
NCT00312078,Tolvaptan,ORIG,20220215,2022,PH HEALTH
NCT00312078,Omeprazole,ORIG,20071204,2007,DEXCEL PHARMA
NCT00312078,Rifaximin,SUPPL,20150423,2015,SALIX PHARMS
NCT00312078,rifaximin,SUPPL,20150423,2015,SALIX PHARMS
NCT00312078,lactulose,ORIG,20030728,2003,BAJAJ
NCT01870505,Letrozole,SUPPL,20250815,2025,BEIJING YILING
NCT01870505,Exemestane,SUPPL,20190222,2019,UPSHER SMITH LABS
NCT00897702,Letrozole,SUPPL,20250815,2025,BEIJING YILING
NCT00897702,Exemestane,SUPPL,20190222,2019,UPSHER SMITH LABS
