Name,ID
Cary Gross,"['A5078289544', 'A5110787737', 'A5044669464']"
Saptarsi Haldar,['A5068350489']
Megan Haymart,"['A5032874682', 'A5094359536']"
Maureen Horton,"['A5021102670', 'A5103370577', 'A5038071211', 'A5104866093']"
Leora Horwitz,"['A5106919305', 'A5106889774']"
Yujin Hoshida,"['A5007607351', 'A5019719215', 'A5103889827', 'A5102353581', 'A5021121670']"
Susan Huang,"['A5046304079', 'A5079799210', 'A5101851244', 'A5101851243', 'A5047737304', 'A5102282668', 'A5081973862', 'A5049575334', 'A5110085836', 'A5104183274', 'A5032685673', 'A5069035553', 'A5091315822', 'A5101461429', 'A5017809126', 'A5052206627', 'A5098949198', 'A5066127435', 'A5116479850', 'A5114510594', 'A5114510642', 'A5030665217', 'A5107871246', 'A5052791537', 'A5076600097', 'A5062504711']"
Arti Hurria,"['A5041339246', 'A5027068701']"
Theodore Iwashyna,"['A5030337104', 'A5017619988', 'A5039631474', 'A5116354507']"
Antonio Jimeno,"['A5007992309', 'A5107936741', 'A5077681143', 'A5045898884', 'A5006229689', 'A5005095326', 'A5025121103', 'A5009337809', 'A5103797619', 'A5082515649', 'A5066108587', 'A5112670894', 'A5082523077', 'A5075276914', 'A5109433009', 'A5064822599', 'A5073035875', 'A5032615528', 'A5087222476', 'A5103819321', 'A5006916880', 'A5108640984', 'A5103844441', 'A5063053465', 'A5025692968']"
Daniel Kaplan,"['A5050010339', 'A5007576906', 'A5108128464', 'A5053262939', 'A5063806519', 'A5003494744', 'A5019831101', 'A5009979529', 'A5062800094', 'A5043238367', 'A5003281880', 'A5088794966', 'A5016601187', 'A5103107828', 'A5113923310', 'A5038503298', 'A5013611472', 'A5012017411', 'A5106086255', 'A5034441010', 'A5103560469', 'A5009649898', 'A5102052443', 'A5108781192', 'A5104028221', 'A5012457429', 'A5102505761', 'A5108352402', 'A5109862789', 'A5031225937', 'A5016037608', 'A5101155682', 'A5105938481', 'A5084360792', 'A5078631938', 'A5085219290', 'A5113103124', 'A5102608407', 'A5116376117', 'A5085779050', 'A5080751936', 'A5120932753', 'A5121189922', 'A5097922271', 'A5091878427', 'A5118650595', 'A5114818133', 'A5058575577', 'A5099270212', 'A5114568010', 'A5069350997', 'A5073502762', 'A5056078316', 'A5013442691', 'A5112277893', 'A5035338620', 'A5063341448', 'A5047152411', 'A5104436535', 'A5046632309', 'A5099882756', 'A5058224128', 'A5051978647']"
Keith Kaye,"['A5013718821', 'A5053238475', 'A5113989269', 'A5108835873', 'A5113854421', 'A5013056635']"
Alex Kentsis,"['A5055053315', 'A5049665825', 'A5121832902']"
Ian de Boer,"['A5032870005', 'A5048767535', 'A5097832421']"
Rahul Kohli,"['A5004618856', 'A5033485909', 'A5025255607']"
Suneil Koliwad,['A5090500596']
Margot Kushel,['A5016559355']
Bonnie Ky,"['A5084265906', 'A5103788050', 'A5079890380', 'A5121875709', 'A5010329602']"
Maciej Lesniak,"['A5053972433', 'A5109761843', 'A5109249604', 'A5057474534', 'A5109127029', 'A5065661883', 'A5105919217', 'A5022227165', 'A5108792318', 'A5068736094', 'A5119080838', 'A5121805910']"
Jonathan Lin,"['A5091772109', 'A5062084310', 'A5075729547', 'A5020793193', 'A5008344771', 'A5086810910', 'A5111555511', 'A5025872469', 'A5077069699', 'A5052439708', 'A5106732225', 'A5059622217', 'A5101486409', 'A5001004872', 'A5062680371', 'A5102725167', 'A5071317179', 'A5073782180', 'A5009443419', 'A5100878239', 'A5102251032', 'A5083787391', 'A5046449974', 'A5052936797', 'A5038226528', 'A5111276606', 'A5102475717', 'A5102631626', 'A5081995552', 'A5081826682', 'A5051126390', 'A5110718365', 'A5102493914', 'A5038287008', 'A5016016409', 'A5030377409', 'A5101285145', 'A5102836216', 'A5027488794', 'A5089840704', 'A5034547928', 'A5121671697', 'A5121736995', 'A5110995180', 'A5069987584', 'A5085269828', 'A5100306011', 'A5064216383', 'A5067077176', 'A5102676516', 'A5102676560', 'A5104313257', 'A5099762390']"
Nehal Mehta,"['A5037356234', 'A5000969141', 'A5105503303', 'A5110665185', 'A5084944243', 'A5053903998', 'A5060819440', 'A5111875156', 'A5063173226', 'A5063243067']"
Lloyd Miller,"['A5044019365', 'A5109193823', 'A5014842469', 'A5008925811', 'A5013225706', 'A5109900490', 'A5056472121', 'A5057956333', 'A5073242265', 'A5023732984', 'A5013255553', 'A5052199994', 'A5042779159', 'A5102231046', 'A5048069215', 'A5017550021', 'A5113682158', 'A5020335217', 'A5037046148', 'A5009234407', 'A5086771837', 'A5021755347', 'A5050984899', 'A5078744294', 'A5040572287', 'A5038327854', 'A5022297625', 'A5052927685', 'A5040515797', 'A5070974723']"
Ann Mullally,"['A5015102296', 'A5080365677', 'A5110188841', 'A5042430945', 'A5099965633']"
Peter Nigrovic,"['A5068802444', 'A5089917872', 'A5113579596', 'A5103708787']"
John Pandolfino,"['A5073783476', 'A5099211658']"
Kjersti Aagaard,"['A5055697102', 'A5010484685', 'A5111291546', 'A5100061190', 'A5104922064', 'A5052104610', 'A5008439203', 'A5104642958', 'A5105111277', 'A5099697776', 'A5104672684']"
Michelle Albert,"['A5021228158', 'A5102944340', 'A5037880995', 'A5089354156', 'A5024101518', 'A5093786834', 'A5020476040', 'A5110892399', 'A5119434887', 'A5074805569', 'A5070370143', 'A5118275326', 'A5115865468', 'A5037850254', 'A5035962852']"
Laura Alonso,"['A5034540044', 'A5064848473', 'A5101842177', 'A5069409928', 'A5056654929', 'A5030484289', 'A5108663317', 'A5063412723', 'A5084510637', 'A5084186871', 'A5037987902', 'A5049950648', 'A5043822260', 'A5071870026', 'A5110734581', 'A5048347327', 'A5077500573', 'A5071570682', 'A5089400489', 'A5073926004', 'A5110924692', 'A5110130856', 'A5054625462', 'A5079366516', 'A5043716584', 'A5011507861', 'A5070212335', 'A5002794543', 'A5109071652', 'A5003244342', 'A5072532481', 'A5062734994', 'A5096675685', 'A5112920657', 'A5076497345', 'A5042016587', 'A5004898802', 'A5042106743', 'A5054580269', 'A5093516221', 'A5006638946', 'A5108090393', 'A5088258628', 'A5004169397', 'A5041028643', 'A5083939940', 'A5101159624', 'A5086922618', 'A5075924662', 'A5014765659', 'A5052959384', 'A5111505995', 'A5076716845', 'A5110948941', 'A5086066363', 'A5056009661', 'A5107215719', 'A5009677022', 'A5110613937', 'A5115617157', 'A5034517982', 'A5090291243', 'A5092243850', 'A5049792215', 'A5072229568', 'A5113334264', 'A5036583619', 'A5037830254', 'A5059138580', 'A5056465375', 'A5094089237', 'A5020621255', 'A5089507991', 'A5052731628', 'A5058778113', 'A5013794110', 'A5067263898', 'A5092222983', 'A5028308068', 'A5066266491', 'A5005022261', 'A5067779614', 'A5072574990', 'A5023965677', 'A5039309508', 'A5015441824', 'A5014830136', 'A5039389749', 'A5051453517', 'A5110852145', 'A5112405038', 'A5089002881', 'A5079655863', 'A5077014611', 'A5007389127', 'A5112371163', 'A5021438243', 'A5067228622', 'A5092077153', 'A5061448738', 'A5070914601', 'A5067085148', 'A5112468028', 'A5115093651', 'A5109538975', 'A5033247021', 'A5016668164', 'A5103936497', 'A5002507750', 'A5103976238', 'A5014105841', 'A5031302217', 'A5017916905', 'A5092447784', 'A5019740432', 'A5088917558', 'A5023298249', 'A5070996696', 'A5010134290', 'A5063758165', 'A5071801499', 'A5002714431', 'A5033731660', 'A5113764081', 'A5025996246', 'A5002155941', 'A5010077444', 'A5036668338', 'A5116213212', 'A5023888382', 'A5112848919', 'A5033801109', 'A5069495478', 'A5074765530', 'A5021567016', 'A5032049032', 'A5070768923', 'A5022795554', 'A5024178786', 'A5104145836', 'A5086337472', 'A5004122833', 'A5064755021', 'A5110743625', 'A5086415526', 'A5057541851', 'A5058286266', 'A5117213244', 'A5120399651', 'A5113158100', 'A5112842690', 'A5057689072', 'A5008174924', 'A5052302321', 'A5116407285', 'A5011327549', 'A5045444445', 'A5115568402', 'A5012534493', 'A5098815017', 'A5029652546', 'A5045593410', 'A5076871245', 'A5046646183', 'A5048658107', 'A5000298300', 'A5013113802', 'A5043021230', 'A5060921934', 'A5054503895', 'A5002355333', 'A5030785050', 'A5039671219', 'A5070907747', 'A5052659187', 'A5024795712', 'A5063981873', 'A5089570318', 'A5120421478', 'A5120664844', 'A5090804167', 'A5120648025', 'A5120515905', 'A5119880972', 'A5120445777', 'A5024222939', 'A5120153151', 'A5012590332', 'A5116368456', 'A5116356155', 'A5013759886', 'A5017729302', 'A5057353510', 'A5036815902', 'A5014793280', 'A5007731942', 'A5047676448', 'A5055741263', 'A5023614097', 'A5040585617', 'A5073368922', 'A5025664334', 'A5000912767', 'A5113252822', 'A5008011037', 'A5020624605', 'A5028142125', 'A5092517617', 'A5110743529', 'A5046587469', 'A5113252779', 'A5068766693', 'A5067095907', 'A5114642243', 'A5051915836', 'A5077570027', 'A5057662986', 'A5090336142', 'A5057472422', 'A5080224246', 'A5092520142', 'A5074000601', 'A5074695869', 'A5085387625', 'A5113026876', 'A5016186275', 'A5022904263', 'A5048726456', 'A5075312201', 'A5102665168', 'A5026070873', 'A5009368651', 'A5118536758', 'A5077118279', 'A5116006651', 'A5044376525', 'A5060083508', 'A5116729937', 'A5116356080', 'A5045089284', 'A5116006574', 'A5022606863', 'A5020368397', 'A5061864376', 'A5045075987', 'A5031568441', 'A5044471801', 'A5041271053', 'A5030935977', 'A5080752190', 'A5010992901', 'A5066281073']"
Joshi Alumkal,"['A5052694721', 'A5015290942', 'A5120887661']"
Jintanat Ananworanich,"['A5054253267', 'A5107847581', 'A5084769084', 'A5121932306', 'A5103614826']"
Reza Ardehali,"['A5019735541', 'A5017207649', 'A5064223014', 'A5062060052']"
Maryam Asgari,"['A5081343066', 'A5078620584', 'A5038871322', 'A5079682768', 'A5023128881', 'A5081350837', 'A5017696972', 'A5057412381', 'A5104246835', 'A5103045651', 'A5043400720', 'A5108918744', 'A5109636292', 'A5119586992', 'A5004705189', 'A5048876985']"
David Barbie,['A5060353514']
Gregory Beatty,"['A5014753848', 'A5070128669', 'A5076016300', 'A5051663659', 'A5117116435']"
Eran Bendavid,"['A5067872651', 'A5020292481', 'A5059122030']"
Rachel Berger,"['A5055576189', 'A5005274892', 'A5050316888', 'A5113519305', 'A5027824554', 'A5074137449', 'A5067189752', 'A5021795755', 'A5029200779', 'A5106044153', 'A5098655381', 'A5023627518', 'A5094274341', 'A5042829564', 'A5051345039', 'A5104174367', 'A5080261806']"
Chetan Bettegowda,"['A5069558252', 'A5107466769', 'A5121048301', 'A5121087392', 'A5099902602', 'A5121571816', 'A5099668664', 'A5083825769']"
Ankit Bharat,"['A5030759471', 'A5060940733']"
Bibiana Bielekova,['A5080215421']
Marie Bleakley,['A5011647056']
Barry Borlaug,"['A5030461468', 'A5113406343', 'A5108663903', 'A5102392095', 'A5069669203']"
Isaac Brownell,['A5039497310']
Carolyn Calfee,"['A5062212651', 'A5021022433', 'A5065925823']"
Marina Caskey,"['A5025789964', 'A5051930315']"
Ronald Chen,"['A5078699439', 'A5039146441', 'A5100654568', 'A5077868708', 'A5045552770', 'A5061295816', 'A5108383696', 'A5061966395', 'A5032457936', 'A5079425025', 'A5045579704', 'A5030249269', 'A5079111962', 'A5008404948', 'A5088788499', 'A5037974402', 'A5037351156', 'A5071950378', 'A5013435594', 'A5072006092', 'A5090737974', 'A5076180353', 'A5111768528', 'A5046021431', 'A5027666036', 'A5015518637', 'A5060539296', 'A5044923137', 'A5017395989', 'A5030220591', 'A5017156032', 'A5011040654', 'A5085772790', 'A5003038968', 'A5026195479', 'A5051171513']"
Stuart Cook,"['A5071216592', 'A5112195496', 'A5112830257', 'A5066126800', 'A5026930330', 'A5049887370', 'A5110621867', 'A5110351408', 'A5108393887', 'A5036492027', 'A5042413962', 'A5109120139', 'A5034291005', 'A5049117582', 'A5024107769', 'A5111680517', 'A5098266227', 'A5032647061', 'A5049561769', 'A5019512934', 'A5054488208', 'A5034744114', 'A5001646951']"
Kelly Dooley,"['A5007514947', 'A5109345464', 'A5093869402']"
Todd Druley,['A5057569401']
Kafui Dzirasa,['A5068897889']
Souheil El-Chemaly,"['A5047722887', 'A5058279323', 'A5012591092']"
